_id,OBJECTID,TCDSB_CODE,SCH_NAME,ADDRESS_FULL,MUNICIPALITY,POSTAL_CODE,TCDSB_LEVEL,STATUS,geometry
1,1,299,Annunciation,65 Avonwick Gt,North York,M3A 2M8,E,Open,"{'type': 'Point', 'coordinates': (-79.32126781628234, 43.75335088677866)}"
2,2,290,All Saints,1435 Royal York Rd,Etobicoke,M9P 3A7,E,Open,"{'type': 'Point', 'coordinates': (-79.52716292948254, 43.68561791990473)}"
3,3,222,St. Martin Program,55 Salisbury Ave,former Toronto,M4X 1C5,AL,Open,"{'type': 'Point', 'coordinates': (-79.36442584534936, 43.667174530430806)}"
4,4,545,Bishop Marrocco-Thomas Merton,1515 Bloor St W,former Toronto,M6P 1A3,S,Open,"{'type': 'Point', 'coordinates': (-79.45180771366265, 43.655857833557995)}"
5,5,549,Bishop Allen Academy,721 Royal York Rd,Etobicoke,M8Y 2T3,S,Open,"{'type': 'Point', 'coordinates': (-79.50446467567629, 43.63442792057833)}"
6,6,555,St Oscar Romero,99 Humber Blvd,York,M6N 2H4,S,Open,"{'type': 'Point', 'coordinates': (-79.48079681382607, 43.68033287596893)}"
7,7,519,Blessed Cardinal Newman,100 Brimley Rd S,Scarborough,M1M 3X4,S,Open,"{'type': 'Point', 'coordinates': (-79.24006423221937, 43.71492226578011)}"
8,8,409,Blessed Margherita of Citta Castello,108 Spenvalley Dr,North York,M3L 1Z5,E,Open,"{'type': 'Point', 'coordinates': (-79.50791404437132, 43.74367247246779)}"
9,9,456,Blessed Pier Giorgio Frassati,8 Seasons Dr,Scarborough,M1X 1X4,E,Open,"{'type': 'Point', 'coordinates': (-79.23273751912565, 43.8298752034525)}"
10,10,374,St Paul VI,270 Laughton Ave,former Toronto,M6N 2X8,E,Open,"{'type': 'Point', 'coordinates': (-79.45779302882777, 43.67401290180634)}"
11,11,226,Blessed Sacrament,24 Bedford Park Ave,former Toronto,M5M 1H9,E,Open,"{'type': 'Point', 'coordinates': (-79.40399751537046, 43.72748161037987)}"
12,12,289,Blessed Trinity,3205 Bayview Ave,North York,M2K 1G3,E,Open,"{'type': 'Point', 'coordinates': (-79.39182619998907, 43.78689754361753)}"
13,13,508,Brebeuf College,211 Steeles Ave E,North York,M2M 3Y6,S,Open,"{'type': 'Point', 'coordinates': (-79.4030381599947, 43.8015161657586)}"
14,14,251,Canadian Martyrs,520 Plains Rd,East York,M4C 2Z1,E,Open,"{'type': 'Point', 'coordinates': (-79.31933863624775, 43.6981999203505)}"
15,15,556e,Cardinal Carter Academy (Elem),36 Greenfield Ave,North York,M2N 3C8,E,Open,"{'type': 'Point', 'coordinates': (-79.40976158244322, 43.76409501030927)}"
16,16,556,Cardinal Carter Academy (Sec),36 Greenfield Ave,North York,M2N 3C8,S,Open,"{'type': 'Point', 'coordinates': (-79.40976158244322, 43.76409501030927)}"
17,17,419,Cardinal Leger,600 Morrish Rd,Scarborough,M1C 4Y1,E,Open,"{'type': 'Point', 'coordinates': (-79.1757079144974, 43.793095801848864)}"
18,18,407,Catholic Education Centre,80 Sheppard Ave E,North York,M2N 6E8,ADM,Open,"{'type': 'Point', 'coordinates': (-79.40809597495682, 43.76284409406446)}"
19,19,509,Chaminade College,490 Queen's Dr,North York,M6L 1M8,S,Open,"{'type': 'Point', 'coordinates': (-79.4960594579928, 43.710090958973915)}"
20,20,522,Dante Alighieri Academy,60 Playfair Ave,North York,M6B 2P9,S,Open,"{'type': 'Point', 'coordinates': (-79.458369831568, 43.71007741516122)}"
21,21,426,Dante Alighieri Beatrice Campus (Temp),50 Ameer Ave,North York,M6A 2L3,AL,Open,"{'type': 'Point', 'coordinates': (-79.4413554536875, 43.72897291399699)}"
22,22,318,D'Arcy McGee,20 Bansley Ave,York,M6E 2A2,E,Open,"{'type': 'Point', 'coordinates': (-79.44291158445316, 43.69225563001608)}"
23,23,378,Epiphany of Our Lord Academy,3150 Pharmacy Ave,Scarborough,M1W 3J5,E,Open,"{'type': 'Point', 'coordinates': (-79.32894024600957, 43.79895809632771)}"
24,24,521,Father Henry Carr,1760 Martin Grove Rd,Etobicoke,M9V 3S4,S,Open,"{'type': 'Point', 'coordinates': (-79.59237754680882, 43.73584247567841)}"
25,25,540,Father John Redmond,28 Colonel Samuel Smith Park Dr,Etobicoke,M8V 4B7,S,Open,"{'type': 'Point', 'coordinates': (-79.51653876929325, 43.59514134863114)}"
26,26,391,Father Serra,111 Sun Row Dr,Etobicoke,M9P 3J3,E,Open,"{'type': 'Point', 'coordinates': (-79.53684467988455, 43.68624342833444)}"
27,27,524,Francis Libermann,4640 Finch Ave E,Scarborough,M1S 4G2,S,Open,"{'type': 'Point', 'coordinates': (-79.27430783849977, 43.80739234122166)}"
28,28,329,Holy Angels,65 Jutland Rd,Etobicoke,M8Z 2G6,E,Open,"{'type': 'Point', 'coordinates': (-79.51765726019498, 43.6284092590616)}"
29,29,242,Holy Cross,299A Donlands Ave,East York,M4J 3R7,E,Open,"{'type': 'Point', 'coordinates': (-79.34067635257453, 43.68998755993765)}"
30,30,433,Holy Child,850 Humberwood Blvd,Etobicoke,M9W 7A6,E,Open,"{'type': 'Point', 'coordinates': (-79.61918187340326, 43.72888586678345)}"
31,31,215,Holy Name,690 Carlaw Ave,former Toronto,M4K 3K9,E,Open,"{'type': 'Point', 'coordinates': (-79.34728483509613, 43.67734750196971)}"
32,32,212,Holy Family,141 Close Ave,former Toronto,M6K 2V6,E,Open,"{'type': 'Point', 'coordinates': (-79.43491099747595, 43.638750223859795)}"
33,33,225,Holy Rosary,308 Tweedsmuir Ave,York,M5P 2Y1,E,Open,"{'type': 'Point', 'coordinates': (-79.41404533097777, 43.68504731196651)}"
34,34,282,Holy Spirit,3530 Sheppard Ave E,Scarborough,M1T 3K7,E,Open,"{'type': 'Point', 'coordinates': (-79.303096242086, 43.7812077532627)}"
35,195,338,St Victor,20 Bernadine St,Scarborough,M1P 4M2,E,Open,"{'type': 'Point', 'coordinates': (-79.25910536947165, 43.76905715629698)}"
36,35,281,Immaculate Conception,23 Comay Rd,North York,M6M 2K9,E,Open,"{'type': 'Point', 'coordinates': (-79.47782169654087, 43.697680138309366)}"
37,36,272,Immaculate Heart of Mary,101 Birchmount Rd,Scarborough,M1N 3J7,E,Open,"{'type': 'Point', 'coordinates': (-79.26245800053104, 43.69614479519498)}"
38,37,527,James Cardinal McGuigan,1440 Finch Ave W,North York,M3J 3G3,S,Open,"{'type': 'Point', 'coordinates': (-79.49379859973065, 43.76328957378976)}"
39,38,325,James Culnan,605 Willard Ave,York,M6S 3S1,E,Open,"{'type': 'Point', 'coordinates': (-79.48558425048468, 43.661107118969085)}"
40,39,554,Jean Vanier,959 Midland Ave,Scarborough,M1K 4G4,S,Open,"{'type': 'Point', 'coordinates': (-79.25841435595595, 43.737939927029764)}"
41,40,413,Josyf Cardinal Slipyj,35 West Deane Park Dr,Etobicoke,M9B 2R5,E,Open,"{'type': 'Point', 'coordinates': (-79.5660253980864, 43.65947519921592)}"
42,41,510,Loretto Abbey,101 Mason Blvd,North York,M5M 3E2,S,Open,"{'type': 'Point', 'coordinates': (-79.41065655958724, 43.74129632427208)}"
43,42,511,Loretto College,151 Rosemount Ave,former Toronto,M6H 2N1,S,Open,"{'type': 'Point', 'coordinates': (-79.44324693977939, 43.675736713658374)}"
44,43,506,Madonna,20 Dubray Ave,North York,M3K 1V5,S,Open,"{'type': 'Point', 'coordinates': (-79.47748080144541, 43.72951508467271)}"
45,44,544,Mary Ward,3200 Kennedy Rd,Scarborough,M1V 3S8,S,Open,"{'type': 'Point', 'coordinates': (-79.30394006569955, 43.815753423812865)}"
46,45,561,Marshall McLuhan,1107 Avenue Rd,former Toronto,M5N 3B1,S,Open,"{'type': 'Point', 'coordinates': (-79.40973516296054, 43.707600245665056)}"
47,46,535,Monsignor Percy Johnson,2170 Kipling Ave,Etobicoke,M9W 4K9,S,Open,"{'type': 'Point', 'coordinates': (-79.57201687319707, 43.72069466752344)}"
48,47,529,Michael Power-St Joseph,105 Eringate Dr,Etobicoke,M9C 3Z7,S,Open,"{'type': 'Point', 'coordinates': (-79.58198408313984, 43.65928998968511)}"
49,48,340,Mother Cabrini,720 Renforth Dr,Etobicoke,M9C 2N9,E,Open,"{'type': 'Point', 'coordinates': (-79.58630808771615, 43.66377810799398)}"
50,49,343,MSGR Fraser College - Annex Campus,700 Markham St,former Toronto,M6G 2M3,AL,Open,"{'type': 'Point', 'coordinates': (-79.41375124954801, 43.66725505417362)}"
51,50,533,MSGR Fraser College - Isabella Campus,146 Isabella St,former Toronto,M4Y 1P6,AL,Open,"{'type': 'Point', 'coordinates': (-79.37715337428813, 43.66979946491443)}"
52,51,533,MSGR Fraser College - Isabella North,25 Linden St,former Toronto,M4Y 1V5,AL,Open,"{'type': 'Point', 'coordinates': (-79.37714464241141, 43.67029891228479)}"
53,52,565,MSGR Fraser College - Midtown Campus,36 Eglinton Ave W,former Toronto,M4R 1A1,AL,Open,"{'type': 'Point', 'coordinates': (-79.399960754018, 43.706595002305626)}"
54,53,567,MSGR Fraser College - Southwest,319 Ossington Ave,former Toronto,M6J 3A6,AL,Open,"{'type': 'Point', 'coordinates': (-79.42101618496041, 43.651631365682185)}"
55,54,364,MSGR Fraser College - Scarborough Campus,2900 Midland Ave,Scarborough,M1S 3K8,AL,Open,"{'type': 'Point', 'coordinates': (-79.28571749196412, 43.801069164655495)}"
56,55,526,MSGR Fraser College - Norfinch Campus,45 Norfinch Dr,North York,M3N 1W8,AL,Open,"{'type': 'Point', 'coordinates': (-79.52704295151908, 43.75780952748035)}"
57,56,399,MSGR John Corrigan,100 Royalcrest Rd,Etobicoke,M9V 5B4,E,Open,"{'type': 'Point', 'coordinates': (-79.60501369366413, 43.751570050788274)}"
58,57,288,Nativity of Our Lord,35 Saffron Cres,Etobicoke,M9C 3T8,E,Open,"{'type': 'Point', 'coordinates': (-79.57537017679466, 43.65312324200634)}"
59,58,502,Neil McNeil,127 Victoria Park Ave,Scarborough,M4E 3S2,S,Open,"{'type': 'Point', 'coordinates': (-79.2830971457534, 43.67923485455158)}"
60,59,501,Notre Dame,12 Malvern Ave,former Toronto,M4E 3E1,S,Open,"{'type': 'Point', 'coordinates': (-79.29313137711073, 43.68068577879752)}"
61,60,252,Our Lady of Fatima,3176 St Clair Ave E,Scarborough,M1L 1V6,E,Open,"{'type': 'Point', 'coordinates': (-79.29361584011578, 43.71015993870094)}"
62,61,372,Our Lady of Grace,121 Brimwood Blvd,Scarborough,M1V 1E5,E,Open,"{'type': 'Point', 'coordinates': (-79.27509401993939, 43.81211930982777)}"
63,62,342,Our Lady of Guadalupe,3105 Don Mills Rd,North York,M2J 3C2,E,Open,"{'type': 'Point', 'coordinates': (-79.35334823026052, 43.78987424369045)}"
64,63,221,Our Lady of Lourdes,444 Sherbourne St,former Toronto,M4X 1K2,E,Open,"{'type': 'Point', 'coordinates': (-79.37469556276336, 43.6660434935425)}"
65,64,253,Our Lady of Peace,70 Mattice Ave,Etobicoke,M9B 1T6,E,Open,"{'type': 'Point', 'coordinates': (-79.54107815468005, 43.646512248988806)}"
66,65,360,Administrative Building,270 Cherokee Blvd,North York,M2H 3B9,ADM,Open,"{'type': 'Point', 'coordinates': (-79.33680209831378, 43.79661392596221)}"
67,66,246,Our Lady of Sorrows,32 Montgomery Rd,Etobicoke,M8X 1Z4,E,Open,"{'type': 'Point', 'coordinates': (-79.51832503873692, 43.64801452081371)}"
68,67,265,Our Lady of the Assumption,125 Glenmount Ave,North York,M6B 3C2,E,Open,"{'type': 'Point', 'coordinates': (-79.43128299672576, 43.71618940233932)}"
69,68,347,Pope Francis,319 Ossington Ave,former Toronto,M6J 3A6,E,Open,"{'type': 'Point', 'coordinates': (-79.42101618496041, 43.651631365682185)}"
70,69,273,Our Lady of Wisdom,10 Japonica Rd,Scarborough,M1R 4R7,E,Open,"{'type': 'Point', 'coordinates': (-79.30818872826582, 43.76210878014389)}"
71,70,416,Prince of Peace,255 Alton Towers Crcl,Scarborough,M1V 4E7,E,Open,"{'type': 'Point', 'coordinates': (-79.27894430719165, 43.825389067148734)}"
72,71,258,Precious Blood,1035 Pharmacy Ave,Scarborough,M1R 2G8,E,Open,"{'type': 'Point', 'coordinates': (-79.30223742450707, 43.739356430300276)}"
73,72,362,Regina Mundi,70 Playfair Ave,North York,M6B 2P9,E,Open,"{'type': 'Point', 'coordinates': (-79.45958643469004, 43.70981510479073)}"
74,73,415,Sacred Heart,75 Hupfield Trl,Scarborough,M1B 4S3,E,Open,"{'type': 'Point', 'coordinates': (-79.22014400435677, 43.812183999368415)}"
75,74,368,Santa Maria,25 Avon Ave,York,M6N 4X8,E,Open,"{'type': 'Point', 'coordinates': (-79.47768089031354, 43.68097329358079)}"
76,75,505,Senator O'Connor College,60 Rowena Dr,North York,M3A 3R2,S,Open,"{'type': 'Point', 'coordinates': (-79.31736854586259, 43.7508272676387)}"
77,76,302,St Agatha,49 Cathedral Bluffs Dr,Scarborough,M1M 2T6,E,Open,"{'type': 'Point', 'coordinates': (-79.2298208709736, 43.72364020033938)}"
78,77,345,St Agnes,280 Otonabee Ave,North York,M2M 2T2,E,Open,"{'type': 'Point', 'coordinates': (-79.40260424967724, 43.79857548060816)}"
79,78,350,St Aidan,3521 Finch Ave E,Scarborough,M1W 2S2,E,Open,"{'type': 'Point', 'coordinates': (-79.3093665219427, 43.79737948854308)}"
80,79,335,St Albert,1125 Midland Ave,Scarborough,M1K 4H2,E,Open,"{'type': 'Point', 'coordinates': (-79.2613663530506, 43.74360885553336)}"
81,80,326,St Alphonsus,60 Atlas Ave,York,M6C 3N9,E,Open,"{'type': 'Point', 'coordinates': (-79.43220644484681, 43.6829136856874)}"
82,81,259,St Ambrose,20 Coules Crt,Etobicoke,M8W 2N9,E,Open,"{'type': 'Point', 'coordinates': (-79.55012287031363, 43.60837009830704)}"
83,82,410,St Andre,36 Yvonne Ave,North York,M3L 1C9,E,Open,"{'type': 'Point', 'coordinates': (-79.51763290789523, 43.7239945099394)}"
84,83,295,St Andrew,2533 Kipling Ave,Etobicoke,M9V 3A8,E,Open,"{'type': 'Point', 'coordinates': (-79.58238178179938, 43.74493114052963)}"
85,84,243,St Anselm,182 Bessborough Dr,East York,M4G 4H5,E,Open,"{'type': 'Point', 'coordinates': (-79.37159516047666, 43.70539438577601)}"
86,85,361,St Angela,220 Mount Olive Dr,Etobicoke,M9V 3Z5,E,Open,"{'type': 'Point', 'coordinates': (-79.59686706851988, 43.75442283020367)}"
87,86,210,St Anthony,130 Shanly St,former Toronto,M6H 1L9,E,Open,"{'type': 'Point', 'coordinates': (-79.43496884250304, 43.66370352007261)}"
88,87,339,St Antoine Daniel,160 Finch Ave W,North York,M2N 2J2,E,Open,"{'type': 'Point', 'coordinates': (-79.4298447653191, 43.77701083125384)}"
89,88,274,St Barbara,25 Janray Dr,Scarborough,M1G 1Y2,E,Open,"{'type': 'Point', 'coordinates': (-79.21875843299131, 43.76231218450415)}"
90,89,328,St Augustine of Canterbury,98 Shoreham Dr,North York,M3N 1S9,E,Open,"{'type': 'Point', 'coordinates': (-79.5250642852238, 43.76823651705636)}"
91,90,351,St Barnabas,30 Washburn Way,Scarborough,M1B 1H3,E,Open,"{'type': 'Point', 'coordinates': (-79.22851191745151, 43.79724121942141)}"
92,91,334,St Bartholomew,51 Heather Rd,Scarborough,M1S 2E2,E,Open,"{'type': 'Point', 'coordinates': (-79.27161837430239, 43.78960340585019)}"
93,92,425,St Bede,521 Sewell's Rd,Scarborough,M1B 5H3,E,Open,"{'type': 'Point', 'coordinates': (-79.20654770327594, 43.81797890816554)}"
94,93,513,St Basil the Great College,20 Starview Lane,North York,M9M 3B2,S,Open,"{'type': 'Point', 'coordinates': (-79.53345069207724, 43.72716808985252)}"
95,94,267,St Benedict,2202 Kipling Ave,Etobicoke,M9W 4K9,E,Open,"{'type': 'Point', 'coordinates': (-79.57332277293271, 43.72304379308486)}"
96,95,261,St Bernard,12 Duckworth St,North York,M6M 4W4,E,Open,"{'type': 'Point', 'coordinates': (-79.50060787013987, 43.702506219678234)}"
97,96,263,St Bonaventure,1340 Leslie St,North York,M3C 2K9,E,Open,"{'type': 'Point', 'coordinates': (-79.35625363682641, 43.7330323496975)}"
98,97,277,St Boniface,20 Markanna Dr,Scarborough,M1M 2J1,E,Open,"{'type': 'Point', 'coordinates': (-79.21997301547015, 43.740920250035025)}"
99,98,359,St Brendan,186 Centennial Rd,Scarborough,M1C 1Z9,E,Open,"{'type': 'Point', 'coordinates': (-79.14925055324339, 43.782546952306404)}"
100,99,235,St Brigid,50 Woodmount Ave,former Toronto,M4C 3X9,E,Open,"{'type': 'Point', 'coordinates': (-79.3168992946855, 43.68694895106971)}"
101,100,376,St Bruno/St Raymond,402 Melita Cres,former Toronto,M6G 3X6,E,Open,"{'type': 'Point', 'coordinates': (-79.427062927767, 43.67323994539433)}"
102,101,316,St Catherine,30 Roanoke Rd,North York,M3A 1E9,E,Open,"{'type': 'Point', 'coordinates': (-79.3247390774717, 43.742335267451935)}"
103,102,218,St Cecilia,355 Annette St,former Toronto,M6P 1R3,E,Open,"{'type': 'Point', 'coordinates': (-79.47452605028533, 43.661099770782066)}"
104,103,363,St Charles Garnier,20 Stong Crt,North York,M3N 2X9,E,Open,"{'type': 'Point', 'coordinates': (-79.5181417246474, 43.762595688198815)}"
105,104,250,St Charles,50 Claver Ave,North York,M6B 2W1,E,Open,"{'type': 'Point', 'coordinates': (-79.45135069421997, 43.713281892735765)}"
106,105,214,St Clare,124 Northcliffe Blvd,York,M6E 3K4,E,Open,"{'type': 'Point', 'coordinates': (-79.44155158571799, 43.679411466612585)}"
107,106,307,St Clement,4319 Bloor St W,Etobicoke,M9C 2A2,E,Open,"{'type': 'Point', 'coordinates': (-79.57380819121458, 43.63224728651531)}"
108,107,380,St Columba,10 John Tabor Trl,Scarborough,M1B 1M9,E,Open,"{'type': 'Point', 'coordinates': (-79.2118274058293, 43.80619344792874)}"
109,108,396,St Conrad,5 Exbury Rd,North York,M3M 0A8,E,Open,"{'type': 'Point', 'coordinates': (-79.4934542895628, 43.73008525555227)}"
110,109,270,St Cyril,18 Kempford Blvd,North York,M2N 2B9,E,Open,"{'type': 'Point', 'coordinates': (-79.41670117725377, 43.77705227030721)}"
111,110,384,St Demetrius,125 La Rose Ave,Etobicoke,M9P 1A6,E,Open,"{'type': 'Point', 'coordinates': (-79.52196594207642, 43.68465421368526)}"
112,111,310,St Denis,67 Balsam Ave,former Toronto,M4E 3B8,E,Open,"{'type': 'Point', 'coordinates': (-79.28990761625663, 43.67299834669052)}"
113,112,467,St Dominic Savio,50 Tideswell Blvd,Scarborough,M1B 5X3,E,Open,"{'type': 'Point', 'coordinates': (-79.15602387058956, 43.79828437102367)}"
114,113,341,St Dorothy,155 John Garland Blvd,Etobicoke,M9V 1N7,E,Open,"{'type': 'Point', 'coordinates': (-79.59173973307492, 43.731492704350075)}"
115,114,241,St Dunstan,14 Pharmacy Ave,Scarborough,M1L 3E4,E,Open,"{'type': 'Point', 'coordinates': (-79.28423919582328, 43.69342919682878)}"
116,115,278,St Elizabeth,5 Redcar Ave,Etobicoke,M9B 1J8,E,Open,"{'type': 'Point', 'coordinates': (-79.55745670799239, 43.63494269727257)}"
117,116,356,St Edmund Campion,30 Highcastle Rd,Scarborough,M1E 4N1,E,Open,"{'type': 'Point', 'coordinates': (-79.21609071542636, 43.78803168486726)}"
118,117,386,St Elizabeth Seton,25 Havenview Rd,Scarborough,M1S 3A4,E,Open,"{'type': 'Point', 'coordinates': (-79.24670582629557, 43.788951244855475)}"
119,118,337,St Eugene,30 Westroyal Rd,Etobicoke,M9P 2C3,E,Open,"{'type': 'Point', 'coordinates': (-79.53749173516687, 43.69260280706256)}"
120,119,358,St Fidelis,9 Bannerman St,North York,M6L 2S5,E,Open,"{'type': 'Point', 'coordinates': (-79.48494848506387, 43.71728751639463)}"
121,120,385,St Florence,101 Murison Blvd,Scarborough,M1B 2L6,E,Open,"{'type': 'Point', 'coordinates': (-79.20700228170843, 43.79841396381095)}"
122,121,206,St Francis of Assisi,80 Clinton St,former Toronto,M6G 2Y3,E,Open,"{'type': 'Point', 'coordinates': (-79.41462812242838, 43.65619986701426)}"
123,122,366,St Francis de Sales,333 Firgrove Cres,North York,M3N 1K9,E,Open,"{'type': 'Point', 'coordinates': (-79.51912450714785, 43.754132914648096)}"
124,123,271,St Francis Xavier,53 Gracefield Ave,North York,M6L 1L3,E,Open,"{'type': 'Point', 'coordinates': (-79.48340706115499, 43.71084951142666)}"
125,124,256,St Gabriel,396 Spring Garden Ave,North York,M2N 3H5,E,Open,"{'type': 'Point', 'coordinates': (-79.39134138398421, 43.769357903095084)}"
126,125,377,St Gabriel Lalemant,160 Crow Trl,Scarborough,M1B 1Y3,E,Open,"{'type': 'Point', 'coordinates': (-79.22672747644506, 43.812703632210756)}"
127,126,319,St Gerald,200 Old Sheppard Ave,North York,M2J 3L9,E,Open,"{'type': 'Point', 'coordinates': (-79.32637982115116, 43.78071327420986)}"
128,127,262,St Gregory,126 Rathburn Rd,Etobicoke,M9B 2K6,E,Open,"{'type': 'Point', 'coordinates': (-79.54502120691046, 43.65963893711631)}"
129,128,395,St Henry,100 Bamburgh Crcl,Scarborough,M1W 3R3,E,Open,"{'type': 'Point', 'coordinates': (-79.32831621287478, 43.813643088630975)}"
130,129,208,St Helen,1196 College St,former Toronto,M6H 1B8,E,Open,"{'type': 'Point', 'coordinates': (-79.4361563218923, 43.65208457284434)}"
131,130,365,St Ignatius of Loyola,2350 McCowan Rd,Scarborough,M1S 4B4,E,Open,"{'type': 'Point', 'coordinates': (-79.26541329249463, 43.803578490338666)}"
132,131,315,St Isaac Jogues,1330 York Mills Rd,North York,M3A 1Z8,E,Open,"{'type': 'Point', 'coordinates': (-79.32196017313586, 43.76232534313305)}"
133,132,275,St James,230 Humbercrest Blvd,York,M6S 4L3,E,Open,"{'type': 'Point', 'coordinates': (-79.4953978793295, 43.664673690725294)}"
134,133,296,St Jane Frances,2745 Jane St,North York,M3L 2E8,E,Open,"{'type': 'Point', 'coordinates': (-79.51316564914012, 43.74214816351392)}"
135,134,294,St Jerome,111 Sharpecroft Blvd,North York,M3J 1P5,E,Open,"{'type': 'Point', 'coordinates': (-79.4885418787056, 43.74883440191967)}"
136,135,394,St Jean De Brebeuf,101 Dean Park Rd,Scarborough,M1B 2X2,E,Open,"{'type': 'Point', 'coordinates': (-79.17404097980072, 43.80251383929229)}"
137,136,220,St John,780 Kingston Rd,former Toronto,M4E 1R7,E,Open,"{'type': 'Point', 'coordinates': (-79.29456867289397, 43.68022438028609)}"
138,137,292,St Joachim,3395 St Clair Ave E,Scarborough,M1L 1W3,E,Open,"{'type': 'Point', 'coordinates': (-79.27514407263376, 43.71282528369337)}"
139,138,305,St John Bosco,75 Holmesdale Rd,York,M6E 1Y2,E,Open,"{'type': 'Point', 'coordinates': (-79.45055774055633, 43.688715787104975)}"
140,139,531,St John Paul II,685 Military Trl,Scarborough,M1E 4P6,S,Open,"{'type': 'Point', 'coordinates': (-79.19955141392481, 43.789722617214466)}"
141,140,392,St John Vianney,105 Thistle Down Blvd,Etobicoke,M9V 1J5,E,Open,"{'type': 'Point', 'coordinates': (-79.55384621035135, 43.73797591082418)}"
142,141,348,St John XXIII,175 Grenoble Dr,North York,M3C 3E7,E,Open,"{'type': 'Point', 'coordinates': (-79.32984789040516, 43.712453971962894)}"
143,142,209,St Joseph,176 Leslie St,former Toronto,M4M 3C7,E,Open,"{'type': 'Point', 'coordinates': (-79.33189054889891, 43.665808072470924)}"
144,143,516,St Josephs Morrow Park,3379 Bayview Ave,North York,M2M 3S4,S,Open,"{'type': 'Point', 'coordinates': (-79.39481216313023, 43.79884035477936)}"
145,144,514,St Josephs College,74 Wellesley St W,former Toronto,M5S 1C4,S,Open,"{'type': 'Point', 'coordinates': (-79.38886465829572, 43.66443686213491)}"
146,145,393,St Kateri,70 Margaret Ave,North York,M2J 4C5,E,Open,"{'type': 'Point', 'coordinates': (-79.33805159089914, 43.78581971250237)}"
147,146,279,St Jude,3251 Weston Rd,North York,M9M 2T9,E,Open,"{'type': 'Point', 'coordinates': (-79.53925653965014, 43.740484480182374)}"
148,147,264,St Lawrence,2216 Lawrence Ave E,Scarborough,M1P 2P9,E,Open,"{'type': 'Point', 'coordinates': (-79.27992084472102, 43.74930638817725)}"
149,148,300,St Kevin,15 Murray Glen Dr,Scarborough,M1R 3J6,E,Open,"{'type': 'Point', 'coordinates': (-79.30585726598999, 43.75070677013276)}"
150,149,333,St Leo,165 Stanley Ave,Etobicoke,M8V 1P1,E,Open,"{'type': 'Point', 'coordinates': (-79.49628845142057, 43.61427999137493)}"
151,150,331,St Louis,11 Morgan Ave,Etobicoke,M8Y 2Z7,E,Open,"{'type': 'Point', 'coordinates': (-79.5009553836076, 43.625745124679916)}"
152,151,370,St Luigi,2 Ruskin Ave,former Toronto,M6P 3P8,E,Open,"{'type': 'Point', 'coordinates': (-79.45147011391265, 43.66287558188432)}"
153,152,336,St Malachy,80 Bennett Rd,Scarborough,M1E 3Y3,E,Open,"{'type': 'Point', 'coordinates': (-79.16663442766689, 43.77102043405924)}"
154,153,311,St Marcellus,15 Denfield St,Etobicoke,M9R 3H2,E,Open,"{'type': 'Point', 'coordinates': (-79.55422495292233, 43.67979193637609)}"
155,154,249,St Margaret,85 Carmichael Ave,North York,M5M 2X1,E,Open,"{'type': 'Point', 'coordinates': (-79.4266255653034, 43.73582926855322)}"
156,155,381,St Marguerite Bourgeoys,75 Alexmuir Blvd,Scarborough,M1V 1H6,E,Open,"{'type': 'Point', 'coordinates': (-79.2850919491127, 43.808230663102734)}"
157,156,260,St Maria Goretti,21 Kenmark Blvd,Scarborough,M1K 3N8,E,Open,"{'type': 'Point', 'coordinates': (-79.2659221067688, 43.729835318062435)}"
158,157,332,St Mark,45 Cloverhill Rd,Etobicoke,M8Y 1T4,E,Open,"{'type': 'Point', 'coordinates': (-79.49019750626837, 43.634499850623286)}"
159,158,344,St Martha,1865 Sheppard Ave W,North York,M3L 1Y5,E,Open,"{'type': 'Point', 'coordinates': (-79.50232465549821, 43.74106800496568)}"
160,159,286,St Martin De Porres,230 Morningside Ave,Scarborough,M1E 3E1,E,Open,"{'type': 'Point', 'coordinates': (-79.18682181079994, 43.76712858519822)}"
161,160,205,St Mary,20 Portugal Sq,former Toronto,M6J 3P2,E,Open,"{'type': 'Point', 'coordinates': (-79.40463496611996, 43.64584380603028)}"
162,161,528,St Mary Catholic Academy,66 Dufferin Park Ave,former Toronto,M6H 1J6,S,Open,"{'type': 'Point', 'coordinates': (-79.43215428708766, 43.65779359968393)}"
163,162,228,St Mary of the Angels,1477 Dufferin St,former Toronto,M6H 4C7,E,Open,"{'type': 'Point', 'coordinates': (-79.44029270500947, 43.67211886390026)}"
164,163,240,St Matthew,18 Lavender Rd,York,M6N 2B5,E,Open,"{'type': 'Point', 'coordinates': (-79.46794286936925, 43.68067023456741)}"
165,164,357,St Matthias,101 Van Horne Ave,North York,M2J 2S8,E,Open,"{'type': 'Point', 'coordinates': (-79.35945563241056, 43.784890224953806)}"
166,165,379,St Maurice,45 Kingsview Blvd,Etobicoke,M9R 1T7,E,Open,"{'type': 'Point', 'coordinates': (-79.55393286806243, 43.69781275893567)}"
167,166,412,St Maximilian Kolbe,100 Fundy Bay Blvd,Scarborough,M1W 3G1,ADM,Open,"{'type': 'Point', 'coordinates': (-79.31660336666197, 43.809350538890754)}"
168,167,217,St Michael Choir Jr,66 Bond St,former Toronto,M5B 1X2,E,Open,"{'type': 'Point', 'coordinates': (-79.37807707803385, 43.65506458308782)}"
169,168,518,St Michael Choir Sr,67 Bond St,former Toronto,M5B 1X5,S,Open,"{'type': 'Point', 'coordinates': (-79.3776872580723, 43.655445742996314)}"
170,169,387,St Michael,50 George St S,former Toronto,M5A 4B2,E,Open,"{'type': 'Point', 'coordinates': (-79.36961971308634, 43.647869411503386)}"
171,170,224,St Monica,14 Broadway Ave,former Toronto,M4P 1T4,E,Open,"{'type': 'Point', 'coordinates': (-79.39762770490216, 43.71015927539939)}"
172,171,538,St Mother Teresa Catholic Academy,40 Sewell's Rd,Scarborough,M1B 3G5,S,Open,"{'type': 'Point', 'coordinates': (-79.21482976857142, 43.80965879916939)}"
173,172,308,St Nicholas,33 Amarillo Dr,Scarborough,M1J 2P7,E,Open,"{'type': 'Point', 'coordinates': (-79.23285549416369, 43.74764378986283)}"
174,173,355,St Nicholas of Bari,363 Rogers Rd,York,M6E 1R6,E,Open,"{'type': 'Point', 'coordinates': (-79.46049319915328, 43.68282437386428)}"
175,174,309,St Norbert,60 Maniza Rd,North York,M3K 1R6,E,Open,"{'type': 'Point', 'coordinates': (-79.46450003909047, 43.73410029447422)}"
176,175,283,St Paschal Baylon,15 St Paschal Crt,North York,M2M 1X6,E,Open,"{'type': 'Point', 'coordinates': (-79.43132188814826, 43.79220068994697)}"
177,176,546,St Patrick,49 Felstead Ave,former Toronto,M4J 1G3,S,Open,"{'type': 'Point', 'coordinates': (-79.32800364059493, 43.67845032202136)}"
178,177,204,St Paul,80 Sackville St,former Toronto,M5A 3E5,E,Open,"{'type': 'Point', 'coordinates': (-79.36173418745786, 43.655488940782185)}"
179,178,237,St Pius X,71 Jane St,former Toronto,M6S 3Y3,E,Open,"{'type': 'Point', 'coordinates': (-79.48471333867455, 43.65127722327242)}"
180,179,285,St Raphael,3 Gade Dr,North York,M3M 2K2,E,Open,"{'type': 'Point', 'coordinates': (-79.48848694523477, 43.72856134086625)}"
181,180,301,St Richard,960 Bellamy Rd N,Scarborough,M1H 1H1,E,Open,"{'type': 'Point', 'coordinates': (-79.2402833917461, 43.76837293765011)}"
182,181,408,St Rene Goupil,44 Port Royal Trl,Scarborough,M1V 2G8,E,Open,"{'type': 'Point', 'coordinates': (-79.28830312436712, 43.81934837054809)}"
183,182,216,St Rita,178 Edwin Ave,former Toronto,M6P 3Z9,E,Open,"{'type': 'Point', 'coordinates': (-79.45644833578548, 43.66613476638307)}"
184,183,320,St Roch,174 Duncanwoods Dr,North York,M9L 2E3,E,Open,"{'type': 'Point', 'coordinates': (-79.56674971585389, 43.75370797165922)}"
185,184,297,St Robert,70 Bainbridge Ave,North York,M3H 2K2,E,Open,"{'type': 'Point', 'coordinates': (-79.44414518365652, 43.74965753179475)}"
186,185,354,St Sebastian,717 Brock Ave,former Toronto,M6H 3P1,E,Open,"{'type': 'Point', 'coordinates': (-79.43992646814952, 43.662766150868904)}"
187,186,269,St Rose of Lima,3220 Lawrence Ave E,Scarborough,M1H 1A4,E,Open,"{'type': 'Point', 'coordinates': (-79.24055992290963, 43.757482390858115)}"
188,187,383,St Simon,24 Strathburn Blvd,North York,M9M 2K3,E,Open,"{'type': 'Point', 'coordinates': (-79.53297616607838, 43.71886209357774)}"
189,188,284,St Stephen,55 Golfdown Dr,Etobicoke,M9W 2H8,E,Open,"{'type': 'Point', 'coordinates': (-79.55444587866464, 43.721922040552776)}"
190,189,373,St Sylvester,260 Silver Springs Blvd,Scarborough,M1V 1S4,E,Open,"{'type': 'Point', 'coordinates': (-79.30224639931114, 43.805358387168866)}"
191,190,248,St Theresa Shrine,2665 Kingston Rd,Scarborough,M1M 1M2,E,Open,"{'type': 'Point', 'coordinates': (-79.24247558919448, 43.715637859931654)}"
192,191,322,St Thomas More,2300 Ellesmere Rd,Scarborough,M1G 3M7,E,Open,"{'type': 'Point', 'coordinates': (-79.22545489654375, 43.778703334508435)}"
193,192,236,St Thomas Aquinas,636 Glenholme Ave,York,M6E 3G9,E,Open,"{'type': 'Point', 'coordinates': (-79.44574378314778, 43.695889705839136)}"
194,193,298,St Timothy,25 Rochelle Cres,North York,M2J 1Y3,E,Open,"{'type': 'Point', 'coordinates': (-79.35136250724202, 43.77515316729387)}"
195,194,306,St Ursula,215 Livingston Rd,Scarborough,M1E 1L8,E,Open,"{'type': 'Point', 'coordinates': (-79.19966039974322, 43.74979221446293)}"
196,196,227,St Vincent De Paul,116 Fermanagh Ave,former Toronto,M6R 1M2,E,Open,"{'type': 'Point', 'coordinates': (-79.44792301688754, 43.64682926939328)}"
197,197,313,St Wilfrid,1685 Finch Ave W,North York,M3J 2G8,E,Open,"{'type': 'Point', 'coordinates': (-79.50255430721253, 43.75991687927495)}"
198,198,371,Stella Maris,31 Ascot Ave,former Toronto,M6E 1E6,E,Open,"{'type': 'Point', 'coordinates': (-79.4452161405946, 43.679650736298726)}"
199,199,398,Sts Cosmas and Damian,111 Danesbury Ave,North York,M6B 3L3,E,Open,"{'type': 'Point', 'coordinates': (-79.44556836026054, 43.70659005691607)}"
200,200,414,The Divine Infant,30 Ingleton Blvd,Scarborough,M1V 3H7,E,Open,"{'type': 'Point', 'coordinates': (-79.27033145450046, 43.82181149747291)}"
201,201,276,Transfiguration,55 Ludstone Dr,Etobicoke,M9R 2J2,E,Open,"{'type': 'Point', 'coordinates': (-79.56287072860006, 43.69152125868177)}"
202,202,417,The Holy Trinity,6 Colonel Samuel Smith Park Dr,Etobicoke,M8V 4B7,E,Open,"{'type': 'Point', 'coordinates': (-79.51711295792693, 43.597276344325806)}"
203,203,397,Venerable John Merlini,123 Whitfield Ave,North York,M9L 1G9,E,Open,"{'type': 'Point', 'coordinates': (-79.57938355985873, 43.7564805895832)}"
204,204,247,Our Lady of Victory,70 Guestville Ave,York,M6N 4N3,E,Open,"{'type': 'Point', 'coordinates': (-79.49031478460353, 43.6833211279024)}"
205,205,255,St Edward,1 Botham Rd,North York,M2N 2J6,E,Open,"{'type': 'Point', 'coordinates': (-79.41340608319015, 43.75395181526279)}"
206,206,239,Our Lady of Perpetual Help,1 1/2 Garfield Ave,former Toronto,M4T 1E6,E,Open,"{'type': 'Point', 'coordinates': (-79.38330488198251, 43.687298491386)}"
207,207,291,St Josaphat,110 Tenth St,Etobicoke,M8V 3G1,E,Open,"{'type': 'Point', 'coordinates': (-79.50905953419023, 43.599298558339484)}"
208,208,412,North East SAL Program,100 Fundy Bay Blvd,Scarborough,M1W 3G1,AL,Open,"{'type': 'Point', 'coordinates': (-79.31660336666197, 43.809350538890754)}"
209,209,848,East Facilities,97 Railside Rd,North York,M3A 1B2,ADM,Open,"{'type': 'Point', 'coordinates': (-79.32406504978587, 43.73550978644503)}"
210,210,849,West Facilities,18 Beverly Hills Dr,North York,M3L 1A1,ADM,Open,"{'type': 'Point', 'coordinates': (-79.5096033382954, 43.71906012686066)}"
